iteration,closure_evaluations,objective,weighted_cross_entropy,l2_penalty,gradient_inf_norm,relative_objective_change
0,0,4.1743879318237305,4.1743879318237305,0.0,0.007060364354401827,
1,5,4.019272804260254,4.019238471984863,3.452731834840961e-05,0.004265298135578632,0.037158771560483354
2,7,3.6189327239990234,3.6182456016540527,0.0006870627985335886,0.01054398063570261,0.0996051026536162
3,9,2.7485547065734863,2.7412219047546387,0.00733292056247592,0.01781884767115116,0.24050682447164828
4,12,2.421844244003296,2.404820680618286,0.017023473978042603,0.07238508015871048,0.11886627607914246
5,14,1.8996546268463135,1.8601100444793701,0.03954455256462097,0.018995901569724083,0.2156165155748438
6,16,1.6776976585388184,1.6290827989578247,0.04861484840512276,0.010412491858005524,0.11684069576161539
7,18,1.1475682258605957,1.0687503814697266,0.07881779223680496,0.027560198679566383,0.3159862743922144
8,20,0.9733073115348816,0.8488376140594482,0.12446971237659454,0.03208308294415474,0.15185233470108556
9,22,0.7480527758598328,0.617323100566864,0.13072969019412994,0.011473435908555984,0.22525453567504883
10,24,0.6887546181678772,0.5552656650543213,0.1334889680147171,0.009291996248066425,0.059298157691955566
11,26,0.6529412269592285,0.5141369104385376,0.1388043463230133,0.014808264560997486,0.03581339120864868
12,28,0.6314795613288879,0.48753821849823,0.14394132792949677,0.00320730940438807,0.021461665630340576
13,30,0.6250895857810974,0.47849202156066895,0.14659754931926727,0.002294061705470085,0.006389975547790527
14,32,0.612287163734436,0.45558539032936096,0.15670178830623627,0.0024097205605357885,0.012802422046661377
15,34,0.6018054485321045,0.4386734366416931,0.16313204169273376,0.0038005097303539515,0.010481715202331543
16,36,0.5838540196418762,0.4112764894962311,0.17257751524448395,0.0035973917692899704,0.01795142889022827
17,38,0.5611429214477539,0.36558881402015686,0.19555413722991943,0.007376282475888729,0.022711098194122314
18,40,0.5253680944442749,0.32701805233955383,0.19835007190704346,0.006004330702126026,0.035774827003479004
19,42,0.5050370097160339,0.3152022361755371,0.18983477354049683,0.0057820649817585945,0.020331084728240967
20,44,0.48297253251075745,0.30618950724601746,0.17678302526474,0.005287836771458387,0.02206447720527649
21,46,0.4688686430454254,0.2969419062137604,0.17192673683166504,0.00801068264991045,0.014103889465332031
22,48,0.4549962282180786,0.2813463509082794,0.1736498922109604,0.0028911526314914227,0.013872414827346802
23,50,0.44354820251464844,0.2657786011695862,0.17776960134506226,0.0014137123944237828,0.011448025703430176
24,52,0.4368167817592621,0.25732606649398804,0.17949071526527405,0.001629925100132823,0.0067314207553863525
25,54,0.427573025226593,0.24403873085975647,0.18353430926799774,0.0029420333448797464,0.009243756532669067
26,56,0.4193596839904785,0.23191580176353455,0.18744389712810516,0.0029393178410828114,0.008213341236114502
27,58,0.4120592474937439,0.22066938877105713,0.19138984382152557,0.0030322133097797632,0.007300436496734619
28,60,0.4058367609977722,0.2114839106798172,0.1943528652191162,0.0023363379295915365,0.00622248649597168
29,62,0.4007716178894043,0.2052566111087799,0.1955149918794632,0.0016662016278132796,0.00506514310836792
30,64,0.3963276743888855,0.2002640664577484,0.19606360793113708,0.0012169297551736236,0.004443943500518799
31,66,0.39069288969039917,0.19374656677246094,0.19694630801677704,0.0012485908810049295,0.005634784698486328
32,68,0.3877395987510681,0.19046083092689514,0.19727876782417297,0.0024680369533598423,0.0029532909393310547
33,70,0.38448262214660645,0.18750303983688354,0.1969795972108841,0.002470975276082754,0.00325697660446167
34,72,0.37960296869277954,0.1847231537103653,0.19487980008125305,0.0020262792240828276,0.004879653453826904
35,74,0.3761037588119507,0.18333598971366882,0.19276776909828186,0.0019668247550725937,0.0034992098808288574
36,76,0.3725901246070862,0.17861399054527283,0.19397614896297455,0.0010949664283543825,0.003513634204864502
37,78,0.37098991870880127,0.17529481649398804,0.19569511711597443,0.0003619785711634904,0.0016002058982849121
38,80,0.3701114058494568,0.17171692848205566,0.19839449226856232,0.0003950210812035948,0.0008785128593444824
39,82,0.36883366107940674,0.16569042205810547,0.20314323902130127,0.0008797079208306968,0.0012777447700500488
40,84,0.36731332540512085,0.1578243374824524,0.20948900282382965,0.001236690441146493,0.0015203356742858887
41,86,0.3655877113342285,0.15026848018169403,0.21531924605369568,0.001069176709279418,0.001725614070892334
42,88,0.36393117904663086,0.14794540405273438,0.21598578989505768,0.0005746918031945825,0.0016565322875976562
43,90,0.3624086380004883,0.14951586723327637,0.2128927856683731,0.0007345661288127303,0.0015225410461425781
44,92,0.3615013360977173,0.15251556038856506,0.20898577570915222,0.0008225602214224637,0.0009073019027709961
45,94,0.36077961325645447,0.15594854950904846,0.204831063747406,0.0006403506849892437,0.0007217228412628174
46,96,0.3604227900505066,0.1570948213338852,0.2033279687166214,0.0003078870358876884,0.000356823205947876
47,98,0.3601641058921814,0.15637703239917755,0.20378705859184265,0.00024077403941191733,0.0002586841583251953
48,100,0.3597317934036255,0.15505097806453705,0.20468080043792725,0.0006513342377729714,0.0004323124885559082
49,102,0.35905149579048157,0.1529323160648346,0.20611917972564697,0.0009661789517849684,0.0006802976131439209
50,104,0.35839152336120605,0.15038271248340607,0.20800882577896118,0.0010125476401299238,0.0006599724292755127
51,106,0.3578815162181854,0.14884081482887268,0.20904070138931274,0.0005609223153442144,0.0005100071430206299
52,108,0.35763877630233765,0.1491791158914566,0.20845964550971985,0.00015558979066554457,0.00024273991584777832
53,110,0.3575092554092407,0.14985179901123047,0.20765745639801025,0.00022878409072291106,0.00012952089309692383
54,112,0.35741370916366577,0.1498984694480896,0.20751522481441498,0.0003812176873907447,9.554624557495117e-05
55,114,0.3571389317512512,0.14967131614685059,0.20746761560440063,0.0005218817968852818,0.0002747774124145508
56,116,0.356894850730896,0.14907245337963104,0.20782238245010376,0.000443491677287966,0.0002440810203552246
57,118,0.35679012537002563,0.1482151299715042,0.20857499539852142,0.0004588605079334229,0.00010472536087036133
58,120,0.3566141128540039,0.1480139046907425,0.2086002081632614,0.00014907562581356615,0.00017601251602172852
59,122,0.35656940937042236,0.1480008065700531,0.20856858789920807,0.0001068022902472876,4.470348358154297e-05
60,124,0.35652121901512146,0.14795514941215515,0.2085660696029663,0.00015219661872833967,4.819035530090332e-05
61,126,0.35644328594207764,0.14785759150981903,0.2085856944322586,0.0002922903513535857,7.793307304382324e-05
62,128,0.35632020235061646,0.1475841999053955,0.20873601734638214,0.00036837486550211906,0.00012308359146118164
63,130,0.3562735319137573,0.14747315645217896,0.20880036056041718,0.000352665752870962,4.667043685913086e-05
64,132,0.3561360239982605,0.14702074229717255,0.20911528170108795,0.0001531767484266311,0.00013750791549682617
65,134,0.35610586404800415,0.14697065949440002,0.20913520455360413,3.4910022804979235e-05,3.0159950256347656e-05
66,136,0.3560830354690552,0.14693406224250793,0.20914895832538605,0.00010852306877495721,2.282857894897461e-05
67,138,0.3560570478439331,0.14691221714019775,0.20914484560489655,0.00019109516870230436,2.5987625122070312e-05
68,140,0.35599929094314575,0.14688128232955933,0.20911802351474762,0.0002525672607589513,5.7756900787353516e-05
69,142,0.35595327615737915,0.1469683200120926,0.20898497104644775,0.00017683063924778253,4.601478576660156e-05
70,144,0.3559126853942871,0.1468140184879303,0.209098681807518,5.6453038268955424e-05,4.0590763092041016e-05
71,146,0.3558996915817261,0.14681315422058105,0.20908652245998383,3.008125349879265e-05,1.2993812561035156e-05
72,148,0.355886846780777,0.14679262042045593,0.20909422636032104,9.823013533605263e-05,1.284480094909668e-05
73,150,0.35587364435195923,0.14678290486335754,0.20909075438976288,0.00014112683129496872,1.3202428817749023e-05
74,152,0.35585957765579224,0.14670851826667786,0.20915104448795319,0.00011718163295881823,1.4066696166992188e-05
75,154,0.3558465242385864,0.14668039977550507,0.20916610956192017,5.875377974007279e-05,1.3053417205810547e-05
76,156,0.35584014654159546,0.1466735303401947,0.20916661620140076,2.3007698473520577e-05,6.377696990966797e-06
77,158,0.3558352589607239,0.14667561650276184,0.20915964245796204,7.751363591523841e-05,4.887580871582031e-06
78,160,0.35582685470581055,0.14667749404907227,0.2091493457555771,0.00013168489385861903,8.404254913330078e-06
79,162,0.355815052986145,0.14667218923568726,0.20914286375045776,0.0001386316871503368,1.1801719665527344e-05
80,165,0.3558105230331421,0.14664331078529358,0.20916719734668732,0.0001118045111070387,4.5299530029296875e-06
81,167,0.3558028042316437,0.14665204286575317,0.2091507613658905,3.876774644595571e-05,7.718801498413086e-06
82,169,0.3557998836040497,0.14663627743721008,0.2091636061668396,2.125772698491346e-05,2.9206275939941406e-06
83,171,0.35579776763916016,0.14662426710128784,0.2091735154390335,6.49358844384551e-05,2.115964889526367e-06
84,173,0.3557947278022766,0.14660876989364624,0.20918595790863037,9.541691542835906e-05,3.039836883544922e-06
85,175,0.35578984022140503,0.14660310745239258,0.20918673276901245,9.63511920417659e-05,4.887580871582031e-06
86,177,0.355785608291626,0.14661486446857452,0.20917075872421265,4.589314994518645e-05,4.231929779052734e-06
87,179,0.35578304529190063,0.1466403305530548,0.20914271473884583,1.1403198186599184e-05,2.562999725341797e-06
88,181,0.35578224062919617,0.14663638174533844,0.20914585888385773,2.8265883884159848e-05,8.046627044677734e-07
89,183,0.3557811379432678,0.14663156867027283,0.2091495841741562,4.241673741489649e-05,1.1026859283447266e-06
90,185,0.3557800054550171,0.14662501215934753,0.20915499329566956,4.0062172047328204e-05,1.1324882507324219e-06
91,188,0.3557792901992798,0.14660272002220154,0.20917657017707825,2.6058471121359617e-05,7.152557373046875e-07
92,190,0.3557783365249634,0.14660704135894775,0.20917128026485443,7.596217074024025e-06,9.5367431640625e-07
93,192,0.3557780385017395,0.14660438895225525,0.20917364954948425,8.423906365351286e-06,2.980232238769531e-07
