source_domain,target_domain,method,lambda,coverage_seeds,heldout_cross_entropy_mean,heldout_cross_entropy_std,heldout_top1_accuracy_mean,heldout_top1_accuracy_std,heldout_macro_accuracy_mean,heldout_macro_accuracy_std,transductive_full_cross_entropy_mean,transductive_full_cross_entropy_std,transductive_full_top1_accuracy_mean,transductive_full_top1_accuracy_std,transductive_full_macro_accuracy_mean,transductive_full_macro_accuracy_std,transductive_unqueried_cross_entropy_mean,transductive_unqueried_cross_entropy_std,transductive_unqueried_top1_accuracy_mean,transductive_unqueried_top1_accuracy_std,transductive_unqueried_macro_accuracy_mean,transductive_unqueried_macro_accuracy_std
art,clipart,random_regularized_wasserstein,10.0,4,2.2470572486212976,0.05849043364245801,0.4372852233676976,0.008279972677434673,0.42718773871533455,0.013907334490656585,2.215407592099303,0.035062585608193246,0.4571592210767469,0.004778156612740941,0.4509793970631942,0.009495038317587306,2.2912292910453367,0.03612531140208922,0.437841043890866,0.004948197773336715,0.4336869087070422,0.00973489989312926
art,clipart,random_uniform,,4,2.1985116948977454,0.045394697174278874,0.4570446735395189,0.010116564566240388,0.4559926964755495,0.012254043521822562,2.171481027311838,0.03323543682573077,0.46649484536082475,0.00750177059795323,0.46729190429209116,0.009619189839508897,2.2369021360616217,0.034662393094967985,0.44750889679715306,0.007768737523147312,0.4502367146290821,0.010118029314346345
art,clipart,source_only_uniform,,4,2.59117169857676,0.05053438343376375,0.3800114547537228,0.00843695295684778,0.38787790191338656,0.011438165304443127,2.612389122750082,0.0,0.3835051546391753,0.0,0.39231014972480077,0.0,2.612389122750082,0.0,0.3835051546391753,0.0,0.39231014972480077,0.0
art,clipart,wasserstein_hard_voronoi,,4,2.2917540769537883,0.037973210492158425,0.4619129438717067,0.010638130367128688,0.4524379327903977,0.010846595349081483,2.2389248929848415,0.007015447641786153,0.48413516609392904,0.007494771043736808,0.4749523286277612,0.006773889199312644,2.3167538649859116,0.007260270969576222,0.46577698695136416,0.007761488874474776,0.45900494196873454,0.00724957077589003
art,clipart,wasserstein_uniform,,4,2.1266380435468557,0.059375950288804887,0.4845360824742268,0.003741106900012477,0.48792976272688704,0.011280739225835366,2.0784904081131077,0.01038769247511675,0.5049828178694158,0.004707611131279369,0.5049213765844565,0.007886696612027639,2.1399255589880974,0.010724545583723637,0.48736654804270463,0.004875141776520655,0.48907652755595743,0.007809400915746057
art,product,random_regularized_wasserstein,10.0,4,0.9173834231297288,0.06905394508190782,0.7581644144144144,0.009703653119152089,0.7375783088402164,0.012700932826776184,0.8973038134367877,0.03293107511706301,0.7684163099797252,0.0077777321476152515,0.7484350200737215,0.002410954478068444,0.9263637592357932,0.03434104262021975,0.7603170902308231,0.008049744230185164,0.740976944127351,0.002245582033901439
art,product,random_uniform,,4,0.9912034230710245,0.031024416345205173,0.7440878378378378,0.009119767727669916,0.7280146724422147,0.009398002300890284,0.974578266701135,0.020647443544570807,0.7501126379815274,0.001532042183908038,0.7347599578549003,0.0018061554871382467,1.0017645340436694,0.021861526008107587,0.7413732804849615,0.0015856225820395492,0.72644703598915,0.0021104611972585494
art,product,source_only_uniform,,4,1.2697775789988517,0.01968057986778284,0.6748310810810811,0.011534778951058141,0.6671644429503444,0.008010560673659866,1.2875839444162633,0.0,0.668168506420365,0.0,0.6616806600728523,0.0,1.2875839444162633,0.0,0.668168506420365,0.0,0.6616806600728523,0.0
art,product,wasserstein_hard_voronoi,,4,0.8522860397796155,0.038933128848534906,0.7874436936936937,0.012280283635852573,0.7639859279073973,0.012723088362078949,0.8191997469719305,0.009761200815574106,0.7973079522414959,0.005401536367083729,0.777300637790149,0.0024428276260344767,0.846607124964525,0.010140855464247893,0.7902191653065983,0.005590445309742283,0.7706499466956642,0.0024075443223543136
art,product,wasserstein_uniform,,4,0.9527258940334932,0.013732216494157668,0.7454954954954955,0.014797600108428713,0.7310284266354163,0.009090333452244092,0.9255021848234295,0.007724899120667184,0.7551813471502591,0.003748775237983194,0.7437737850802708,0.002516568622396042,0.9516684140629719,0.008155254368468003,0.7469107017952903,0.003800252795025295,0.7359571636374218,0.0025002598537317783
art,real_world,random_regularized_wasserstein,10.0,4,0.7948957529629785,0.04214943496028938,0.7875573394495413,0.006967785219250105,0.7690651024738009,0.0065232355530378296,0.7888243708788621,0.015749909981363195,0.7863208629791141,0.003490852894667532,0.7672336518859396,0.002644023172952328,0.8132109758745755,0.016446020696313245,0.778702163061564,0.0036153187692100283,0.7598307493982053,0.002780698734105891
art,real_world,random_uniform,,4,0.8188209843171783,0.05000910870559038,0.7789564220183486,0.007215055844104299,0.7586121448145143,0.0064166967006145164,0.8158193117333314,0.015421240789132816,0.7775992655496902,0.004714858522876779,0.7579377326486778,0.003637917605192333,0.8391956788241184,0.01631939437768288,0.7699072973615403,0.005204108033808102,0.75039824511788,0.004214854325855211
art,real_world,source_only_uniform,,4,0.900692213504408,0.04798400655182061,0.755447247706422,0.00854979711251719,0.7363614230197046,0.008323364672823796,0.9199568657179737,0.0,0.748909800321322,0.0,0.7292759105709614,0.0,0.9199568657179737,0.0,0.748909800321322,0.0,0.7292759105709614,0.0
art,real_world,wasserstein_hard_voronoi,,4,0.8380003280326163,0.023023562500431104,0.7889908256880733,0.009363492900547297,0.7695879239175261,0.008169740277127004,0.8272875134919382,0.012807262319435892,0.7886733991278403,0.0047496447295329045,0.7682712051413126,0.005362274978074776,0.855355941854439,0.013200961751314784,0.7811385785595436,0.00491899265190753,0.7612931472064796,0.005618382034198511
art,real_world,wasserstein_uniform,,4,0.8164590854670057,0.03856169784399718,0.7778096330275229,0.003671516191188559,0.7583205532361581,0.004998474111881205,0.817177376383454,0.007859858200582104,0.7783451916456277,0.002599208550127638,0.7586875706710483,0.0030377585258510786,0.8420770065878502,0.008257573546935928,0.7707392441169479,0.0027754187288070655,0.7512490188405249,0.0032950122806740486
clipart,art,random_regularized_wasserstein,10.0,4,1.4898753328997738,0.06933032090405591,0.6121399176954733,0.024142271477089205,0.5397351953601953,0.016883172867131462,1.3561371364062058,0.018265575530874063,0.6529666254635352,0.010735900029920397,0.5905244479832799,0.0068150601830285484,1.4393438650704837,0.019666270124777147,0.6301054018445322,0.011443139821087736,0.5652604909042773,0.007380650778204396
clipart,art,random_uniform,,4,1.6126084946968793,0.11149699663188099,0.595679012345679,0.024083744672262635,0.5401533882783882,0.01758662811486137,1.4939879188757286,0.016606904557792457,0.626699629171817,0.01026501136714998,0.5747667107878701,0.009945146499209601,1.564265234325522,0.017944215486501224,0.6039745278875713,0.010499696550295997,0.5500731192702017,0.008651861647543049
clipart,art,source_only_uniform,,4,1.8504743430925517,0.10320066612692883,0.5406378600823045,0.026742375466230286,0.4945085470085471,0.02748261775988448,1.8042196268927362,0.0,0.5455294602389782,0.0,0.5039032282098398,0.0,1.8042196268927362,0.0,0.5455294602389782,0.0,0.5039032282098398,0.0
clipart,art,wasserstein_hard_voronoi,,4,1.566185739014558,0.04362001131007067,0.6059670781893004,0.01240270323732862,0.5053632478632478,0.009286033712656672,1.445324542278542,0.021934721732801258,0.6379274824886692,0.00852665928577457,0.5441568432591275,0.012185434891300095,1.5375811415011111,0.023469723849580487,0.6140755379885815,0.00908836279603639,0.5259935240734422,0.01150182295167533
clipart,art,wasserstein_uniform,,4,1.5845324916897257,0.09209229094108619,0.6008230452674896,0.027348973988171314,0.5303548534798534,0.028217469793760025,1.4617043299950134,0.00881921835438717,0.6373094355170993,0.004286908126634722,0.5680213833087171,0.0047732991589952345,1.5354119699347852,0.009583093478325238,0.6144049187527448,0.004903567332585032,0.5501557180802721,0.00573392665807206
clipart,product,random_regularized_wasserstein,10.0,4,0.9995004324124102,0.06289676200555747,0.7438063063063063,0.0154543459836628,0.7186576250216402,0.017093400445547125,0.9682713173241844,0.027214107784270674,0.7499436810092364,0.009206044938816183,0.7251645830310895,0.011862894780928564,0.9989679670257995,0.02849770457223341,0.7411984145488458,0.00952800967204592,0.717418332733417,0.011768372951501523
clipart,product,random_uniform,,4,1.1665193389627166,0.061515822296624736,0.7004504504504504,0.020906757230697178,0.6777252587519913,0.020924986267747726,1.1360932944726536,0.023964877196476782,0.7080423518810542,0.007201787503106899,0.6861775178151674,0.007212651041813618,1.1623552246929851,0.026167945302375574,0.6990557239449755,0.007319655292653306,0.678001809272659,0.006996397286293816
clipart,product,source_only_uniform,,4,1.3941103734933367,0.060618376781260294,0.6362612612612613,0.016879374741679543,0.616110215777845,0.017450786445788968,1.3897034219169704,0.0,0.6368551475557558,0.0,0.6184961833381856,0.0,1.3897034219169704,0.0,0.6368551475557558,0.0,0.6184961833381856,0.0
clipart,product,wasserstein_hard_voronoi,,4,0.8825724798864727,0.03406208302507878,0.773367117117117,0.011860020478963645,0.7484332602811705,0.016967255500129882,0.8563374692233621,0.02057359658020141,0.7870578959225051,0.00510860124823092,0.7654409103099438,0.0016803981381270363,0.8849463715091608,0.0212989762618424,0.7796106318489159,0.00528726531613361,0.7580378447996017,0.0017472290166060816
clipart,product,wasserstein_uniform,,4,1.1027434067069364,0.049600734113354,0.7100225225225225,0.018146594542450205,0.6884688433473859,0.015985832650816562,1.0680857912706403,0.010889050520573046,0.7250506870916873,0.0033337798123335423,0.7053181334994346,0.0020633669464122455,1.0942881425256354,0.011528111569445092,0.7164257402657962,0.0034706634275940805,0.6964552559435766,0.0023455052141634603
clipart,real_world,random_regularized_wasserstein,10.0,4,0.9854051519290283,0.03968269748749817,0.7310779816513762,0.016231554851347224,0.7075241798303836,0.014951443042260485,0.9768888483925844,0.02220722992553596,0.7404750975441818,0.004428226160563399,0.7186929299219209,0.006901135543290668,1.008384292497052,0.022899193165689724,0.7312217732350843,0.004586113948555935,0.7103999740928778,0.007239528632253471
clipart,real_world,random_uniform,,4,1.1009226985430656,0.04810092621876302,0.7012614678899083,0.018120233783625917,0.6795978401246024,0.02049568632189981,1.0955652756173078,0.020032061223793567,0.710638053706679,0.005197994859495918,0.6909091541049937,0.004905088439452782,1.123684336188173,0.02123545417233144,0.7009151414309485,0.005494140399964894,0.6820355459139905,0.005605282374600502
clipart,real_world,source_only_uniform,,4,1.2586118925311534,0.066898759255915,0.6639908256880733,0.02282081277767477,0.64558279902469,0.021575627739040516,1.2739986446064342,0.0,0.6637594675235253,0.0,0.6450044555675161,0.0,1.2739986446064342,0.0,0.6637594675235253,0.0,0.6450044555675161,0.0
clipart,real_world,wasserstein_hard_voronoi,,4,0.9107162926308516,0.05361760976884828,0.7677752293577982,0.00979816943270358,0.7407609160870354,0.010849288955161388,0.9084590948277905,0.01235156737656597,0.7704268992425981,0.00248877321392596,0.7478205616953016,0.002295664343287506,0.9396400577793038,0.012784939020119243,0.7622415022581412,0.002577510076794741,0.7400504001223163,0.0021539810401772254
clipart,real_world,wasserstein_uniform,,4,1.0513322825329947,0.06773803332870576,0.7201834862385321,0.02072697509438219,0.7011613491196428,0.02021705959600564,1.0510666893250016,0.0058095252510007205,0.7233187973376177,0.002298979297883362,0.7046055920221614,0.0021586856093394075,1.0802075771821822,0.006206873816760634,0.7137508913715237,0.002540712898316134,0.6949025867307524,0.0026356521352969143
product,art,random_regularized_wasserstein,10.0,4,1.4321140410289919,0.029224761280082428,0.6368312757201646,0.0102880658436214,0.5781440781440782,0.009792055200258285,1.3472322354436361,0.02525766094718102,0.6571899464359292,0.006194188866243477,0.6114063415128199,0.008518957537851857,1.4290248555704106,0.027355204522919174,0.634606938954765,0.006602238198670611,0.5872740036273038,0.006795601953431816
product,art,random_uniform,,4,1.514667285646994,0.020658180328600135,0.617283950617284,0.005312734356937448,0.5712095543345543,0.007245173010958712,1.4404285288921113,0.015029569973769872,0.638648537288834,0.002449190289812799,0.6025285272392409,0.004379390000620052,1.5110270036783715,0.01618481271624475,0.6150636802810716,0.0026953524578424573,0.5770388610500541,0.001655771468103641
product,art,source_only_uniform,,4,1.7189612099345724,0.013017137484847492,0.5622427983539094,0.00636974472599682,0.5328830891330891,0.007364903822132971,1.7158422439712082,0.0,0.5657189946435929,0.0,0.5425763228578002,0.0,1.7158422439712082,0.0,0.5657189946435929,0.0,0.5425763228578002,0.0
product,art,wasserstein_hard_voronoi,,4,1.4069514809840604,0.06133262613727857,0.631687242798354,0.030380294362620158,0.5560531135531135,0.014950933722701103,1.3152270243265525,0.0114090277867211,0.6612072517511332,0.005936445217452576,0.5868165120817823,0.0032708943730876826,1.3986652089591534,0.012131188354414629,0.6388888888888888,0.006327515389880312,0.5701509284652772,0.003905194288569865
product,art,wasserstein_uniform,,4,1.48065381550087,0.02579257800056635,0.6239711934156379,0.011563590740800685,0.5676343101343101,0.00494526472167943,1.3893107307311672,0.008347428878773185,0.65389369592089,0.00447580572360948,0.5989214390217982,0.0030468080627932734,1.4588176718916455,0.00829967723791744,0.6310935441370225,0.00477065458550737,0.5808612311331984,0.004365818036090411
product,clipart,random_regularized_wasserstein,10.0,4,2.265720297420147,0.026506572525507702,0.4518900343642612,0.01833953411000049,0.43953877294479227,0.017516334028478957,2.2166382388994497,0.03133681401167794,0.46775486827033225,0.015312710892115285,0.45705465014101365,0.017515619219401517,2.290941438855696,0.032244312047356706,0.4488730723606168,0.015909179008914816,0.44001374317298053,0.0179864281745885
product,clipart,random_uniform,,4,2.2843619031766527,0.025924340998425943,0.4412943871706759,0.016974048667732142,0.4305500787581342,0.016264154895395868,2.249097133729422,0.02795023247442762,0.45526918671248573,0.01240978646274424,0.44665506852163206,0.011740632722406738,2.3093884324364047,0.028863384940277834,0.43683274021352314,0.01251712343013884,0.42944220737326955,0.011642153279595434
product,clipart,source_only_uniform,,4,2.618941946096594,0.030636220915449507,0.3777205040091638,0.005321634159895521,0.37355509489782535,0.007482286958395128,2.6299673365526717,0.0,0.37823596792668956,0.0,0.3751046809379703,0.0,2.6299673365526717,0.0,0.37823596792668956,0.0,0.3751046809379703,0.0
product,clipart,wasserstein_hard_voronoi,,4,2.1470361052322433,0.027535822729059398,0.4871134020618557,0.0089891236097698,0.4817546163119514,0.008084048411088418,2.079990548067636,0.01237291792383217,0.5051546391752577,0.002873598735735275,0.5018482022414184,0.0010259855221133973,2.1517860710849286,0.012834968641918559,0.4875444839857651,0.002975862035939398,0.4861547626881988,0.0010510121562354365
product,clipart,wasserstein_uniform,,4,2.165671067227237,0.03698750477725258,0.4576174112256587,0.004436407040329235,0.45364023738889775,0.007981249600273908,2.1050950709207967,0.009544488300237743,0.48739977090492553,0.002442487299231679,0.48335235423941403,0.003518174998691359,2.1578127126512165,0.009435784652178203,0.4701660735468565,0.0027076422800743436,0.46707241411966716,0.003565099695343756
product,real_world,random_regularized_wasserstein,10.0,4,0.826779361449208,0.03130575301237705,0.7795298165137615,0.004121532617134553,0.7647217759351601,0.007234194607168121,0.8234951479968822,0.010807091038961969,0.7758205187055314,0.004510728484515386,0.7595475970397597,0.003977180328622638,0.8477832793468544,0.01072025019998538,0.767946280009508,0.004519929802923103,0.7519530876152657,0.0038184792138201665
product,real_world,random_uniform,,4,0.8598442142977418,0.044119848445102375,0.7715022935779817,0.004121532617134553,0.7593431707710405,0.004354231108545459,0.8567992844661089,0.005977665650405599,0.7702547624512279,0.004714858522876779,0.7558080315782124,0.004015314830743715,0.878758054522658,0.006373223824684388,0.7623009270263846,0.004637670747694132,0.7481049948290686,0.00361232035735853
product,real_world,source_only_uniform,,4,0.9394479151599336,0.05218392060011272,0.7534403669724771,0.006281221989738143,0.7427616286362416,0.008241489217248972,0.9518436180957317,0.0,0.7468441588248795,0.0,0.7333695922994262,0.0,0.9518436180957317,0.0,0.7468441588248795,0.0,0.7333695922994262,0.0
product,real_world,wasserstein_hard_voronoi,,4,0.8037521086383733,0.02636103786773487,0.7844036697247707,0.007834060218623538,0.7667145188931627,0.007934968758869478,0.7827415761854845,0.01533152482883544,0.7894193252237778,0.004291800804148342,0.7711107957774423,0.0026542217532080623,0.808637391873369,0.015902233721677175,0.7819111005467079,0.004444824365028343,0.7634693017781458,0.0029702209859254645
product,real_world,wasserstein_uniform,,4,0.8300997290866708,0.03844744105976191,0.7789564220183487,0.004013761467889885,0.7678118108836731,0.0050262212092830215,0.8193766105404086,0.01058455654120465,0.7771976130364929,0.003712081262017634,0.76369840749881,0.002643668532233263,0.8407866279337467,0.011317164993804064,0.7696101735203233,0.003750200403942286,0.7554796015883422,0.0027409255403130165
real_world,art,random_regularized_wasserstein,10.0,4,1.2426260047066282,0.05922120785489861,0.6810699588477367,0.014742239547465485,0.6251381257631258,0.014072241549974197,1.1509474860031754,0.018996218971126858,0.7041615162752369,0.003994791806688354,0.66214839309959,0.006779644151595305,1.2176680398942026,0.01920891346858372,0.6847826086956521,0.004156718156785443,0.639511486558739,0.007136981228524347
real_world,art,random_uniform,,4,1.247528560845173,0.041571048608194855,0.6733539094650206,0.009705741905408,0.6303029609279609,0.003886229518591362,1.1689848071957354,0.01932183640554167,0.700144210960033,0.004493156929805136,0.6662353087716225,0.005586042007593123,1.2241775580318528,0.021893367731252618,0.6812692138779095,0.004707913550252114,0.6444184973116354,0.00485318932795661
real_world,art,source_only_uniform,,4,1.3475128215234853,0.045512615808703354,0.654320987654321,0.009354034085724178,0.6159806166056166,0.004828394982731023,1.3296850655763361,0.0,0.65389369592089,0.0,0.6239687350180427,0.0,1.3296850655763361,0.0,0.65389369592089,0.0,0.6239687350180427,0.0
real_world,art,wasserstein_hard_voronoi,,4,1.2804517653773682,0.05218588970585718,0.6779835390946501,0.010424337553889359,0.6077525946275946,0.011669267733073894,1.1431767247521298,0.008086558060283244,0.7121961269056448,0.005792912157385812,0.6518061707277868,0.003638800164365793,1.2132999909517035,0.008944852524951571,0.6932367149758454,0.006174526924012013,0.6342313176965944,0.003900969251339254
real_world,art,wasserstein_uniform,,4,1.198394725453034,0.04367269902106619,0.6872427983539096,0.010625468713874937,0.6343574481074481,0.009796102161967609,1.0914917280291092,0.0036634183128851487,0.7175525339925835,0.0015957904187092536,0.6734021700020609,0.0019044744118469463,1.1385671147069605,0.004553158808016102,0.699604743083004,0.0014784811796753347,0.6560124429678117,0.0017082160729258661
real_world,clipart,random_regularized_wasserstein,10.0,4,2.1360789219215643,0.03430234449455705,0.4753722794959908,0.005207400418856766,0.46593693578853734,0.008476764775860873,2.0943031612215353,0.05144047086446518,0.49112256586483394,0.01045231893282901,0.4853562760569473,0.009696953128878121,2.1647784072201577,0.05324861472499013,0.47301304863582444,0.010824287578125416,0.4689402657424411,0.00987222723502989
real_world,clipart,random_uniform,,4,2.1450079418657775,0.01199313766214828,0.4713631156930126,0.010927138618750816,0.4684262789749215,0.010449407356534527,2.115716165326682,0.03427657226888676,0.48058419243986256,0.008647896536827505,0.4794220417043765,0.005822855271400923,2.172113999640437,0.03571497017970975,0.46275207591933576,0.009187551579631184,0.46319444069762356,0.005881810873913765
real_world,clipart,source_only_uniform,,4,2.537691959066678,0.03710915487154383,0.4063573883161512,0.009870382554189063,0.41155097925281303,0.011509434519846467,2.5473255251924147,0.0,0.4059564719358534,0.0,0.41124724706256194,0.0,2.5473255251924147,0.0,0.4059564719358534,0.0,0.41124724706256194,0.0
real_world,clipart,wasserstein_hard_voronoi,,4,2.0803997857383445,0.030716621178088564,0.4902634593356243,0.009305885915963293,0.48668420768786924,0.012861773022201511,2.018001512187449,0.019848084340010886,0.5178121420389462,0.00549629275464886,0.5132585013930508,0.005346817158640137,2.08763788736061,0.020547547633529083,0.5006524317912219,0.005691890361575838,0.4979791168778363,0.005895293400667939
real_world,clipart,wasserstein_uniform,,4,2.047343973576882,0.023878393828937167,0.4945589919816724,0.009600833112394154,0.49446323970213585,0.015109117221935265,1.9889553935336672,0.013120461484583906,0.5162657502863688,0.006341976234286275,0.5159945771315841,0.006028989641763612,2.0385090855304897,0.013705294634711176,0.49982206405693946,0.006378910954884024,0.5007975547002521,0.0067525097216171405
real_world,product,random_regularized_wasserstein,10.0,4,0.7198641979242779,0.02439651134860655,0.8029279279279279,0.005119437573943612,0.783702746953372,0.003991108872615975,0.7025670234266584,0.023396144559473604,0.8129083126830368,0.002085070718166963,0.7968895155009377,0.0022438019556783916,0.7235151308324193,0.024233672119458375,0.8063651200746095,0.002157992286766876,0.7906084690180221,0.0025925508303959754
real_world,product,random_uniform,,4,0.7649831275094342,0.02013386937644033,0.7857545045045046,0.0034861440730117686,0.7697336889844034,0.006450323130958177,0.755364234210059,0.010524711544959226,0.791901329128182,0.0005924657895194075,0.7798902092870746,0.0021149528702609204,0.7726527520338683,0.011349471464997906,0.7850314758685009,0.000659460742538146,0.7732167496713849,0.0023627076927222315
real_world,product,source_only_uniform,,4,0.8540858962256335,0.01810349859976936,0.7547860360360361,0.003941441441441453,0.7431500123642599,0.006142467062344986,0.8674434016002732,0.0,0.7567019599008786,0.0,0.7467436497825523,0.0,0.8674434016002732,0.0,0.7567019599008786,0.0,0.7467436497825523,0.0
real_world,product,wasserstein_hard_voronoi,,4,0.6583906915985593,0.010678023743270714,0.831644144144144,0.0054007111749017215,0.8150355104693935,0.01092963510069634,0.6314229931385614,0.005356285669800891,0.8374633926560036,0.002344746563940191,0.8222727329488435,0.004416252716453377,0.6515475147337386,0.0056118295481967055,0.8317789694567499,0.002426749824511676,0.8164388051637081,0.004467875377500377
real_world,product,wasserstein_uniform,,4,0.707962374350137,0.0170736652795046,0.8006756756756757,0.0009194781316753578,0.7863930326738436,0.005967280331845389,0.6897286156680416,0.006507460541106849,0.8104865960801982,0.004323009926198574,0.7993533257574714,0.004812694042760613,0.7044057352060058,0.007229588106660722,0.8046164607134529,0.004508995011847488,0.792800557484302,0.004972868356191343
