feature,importance
bp_1,0.0031669246964156628
bp_2,0.06957656890153885
bp_3,0.17143972218036652
bp_4,0.1278059333562851
bp_5,0.25732070207595825
bp_6,0.017355354502797127
bp_7,0.01862398348748684
bp_8,0.001656576874665916
bp_9,0.004277554340660572
bp_10,0.0
bp_11,0.001765172928571701
bp_12,0.0
bp_13,0.002339581958949566
bp_14,0.0
bp_15,0.007493755780160427
bp_16,0.003072050167247653
bp_17,0.0033813712652772665
bp_18,0.0
bp_19,0.005129470024257898
bp_20,0.001554780057631433
bp_21,0.0
bp_22,0.007060585543513298
bp_23,0.0
bp_24,0.0011632437817752361
bp_25,0.0
bp_26,0.0015805026050657034
bp_27,0.0019219605019316077
bp_28,0.03645998612046242
bp_29,0.0025583470705896616
bp_30,0.0
bp_31,0.0
bp_32,0.007031038403511047
bp_33,0.0
bp_34,0.0
bp_35,0.001159369247034192
bp_36,0.0
bp_37,0.0
bp_38,0.003559710457921028
bp_39,0.0020546112209558487
bp_40,0.0
bp_41,0.0
bp_42,0.004380686674267054
bp_43,0.0
bp_44,0.0
bp_45,0.0
bp_46,0.0
bp_47,0.0
bp_48,0.0
bp_49,0.0
bp_50,0.0
bp_51,0.0
bp_52,0.0
bp_53,0.0
bp_54,0.0
bp_55,0.0
rp_1,0.001473872223868966
rp_2,0.004561957437545061
rp_3,0.010013483464717865
rp_4,0.020513631403446198
rp_5,0.0
rp_6,0.0228103194385767
rp_7,0.004755606409162283
rp_8,0.0
rp_9,0.0
rp_10,0.010310908779501915
rp_11,0.001544495578855276
rp_12,0.02278807945549488
rp_13,0.02172461897134781
rp_14,0.0013116742484271526
rp_15,0.07924868166446686
rp_16,0.0055301496759057045
rp_17,0.0033064205199480057
rp_18,0.0
rp_19,0.0
rp_20,0.0
rp_21,0.0025215712375938892
rp_22,0.001684922375716269
rp_23,0.0
rp_24,0.006067217793315649
rp_25,0.000941573700401932
rp_26,0.0
rp_27,0.004087119363248348
rp_28,0.0
rp_29,0.0010169519810006022
rp_30,0.0
rp_31,0.0
rp_32,0.0
rp_33,0.0
rp_34,0.0016819455195218325
rp_35,0.0014516351511701941
rp_36,0.0011175585677847266
rp_37,0.0
rp_38,0.0
rp_39,0.0
rp_40,0.0
rp_41,0.0
rp_42,0.0
rp_43,0.0
rp_44,0.0
rp_45,0.0
rp_46,0.0
rp_47,0.0
rp_48,0.0011652943212538958
rp_49,0.0
rp_50,0.0
rp_51,0.0
rp_52,0.0013174345949664712
rp_53,0.0
rp_54,0.0
rp_55,0.0007867013919167221
ebv,0.0013766458723694086
